Key_0_0,V16,V20,Key_1_3
k903,0.2415,1.0,k863
k1311,0.3793,0.9667,k153
k1487,0.3426,0.9474,k989
k441,0.4413,1.0,k731
k827,0.4486,0.9885,k1841
k628,0.3417,1.0,k1604
k268,0.339,0.9607,k1876
k1508,0.34,1.0,k1462
k207,0.2189,1.0,k517
k1352,0.4261,0.982,k1530
k480,0.2326,1.0,k1135
k684,0.5562,0.9275,k1466
k1848,0.2593,1.0,k582
k1512,0.1981,1.0,k1354
k787,0.2533,0.9559,k1855
k1143,0.446,0.9925,k1725
k1349,0.4772,0.9503,k476
k1231,0.4599,0.9605,k140
k112,0.2171,1.0,k68
k329,0.3549,1.0,k312
k1103,0.2406,1.0,k1308
k1372,0.4138,1.0,k425
k559,0.3801,1.0,k380
k1015,0.3231,1.0,k1723
k1689,0.3232,0.9429,k660
k1197,0.1739,1.0,k15
k1790,0.2766,1.0,k842
k357,0.213,1.0,k792
k1672,0.3902,0.9921,k1139
k1494,0.2186,1.0,k1289
k208,0.2121,1.0,k288
k338,0.3565,1.0,k1156
k1100,0.0595,1.0,k1754
k1185,0.2357,1.0,k1753
k1404,0.3029,1.0,k1150
k1441,0.2888,1.0,k1826
k1734,0.3162,1.0,k1889
k1250,0.4676,0.9861,k375
k1018,0.5625,1.0,k860
k901,0.2717,1.0,k423
k1875,0.2852,1.0,k1295
k1177,0.25,1.0,k248
k1489,0.25,1.0,k1320
k1113,0.32,1.0,k1258
k793,0.4167,1.0,k1905
k401,0.3946,1.0,k1856
k708,0.3846,1.0,k1893
k1720,0.3039,1.0,k955
k1455,0.375,1.0,k1639
k157,0.2857,1.0,k898
k572,0.3626,1.0,k1862
k251,0.219,1.0,k376
k4,0.251,1.0,k65
k895,0.3583,1.0,k442
k1005,0.3856,1.0,k1805
k693,0.3992,1.0,k1682
k923,0.3462,0.8571,k341
k892,0.4889,1.0,k1578
k1297,0.3021,1.0,k971
k126,0.2889,1.0,k1089
k46,0.2429,1.0,k1693
k1355,0.2208,1.0,k1563
k932,0.2323,1.0,k1582
k1031,0.2143,1.0,k1837
k1855,0.2929,1.0,k1128
k246,0.2926,1.0,k94
k83,0.3125,1.0,k1588
k1010,0.3462,1.0,k314
k586,0.4375,1.0,k193
k332,0.2222,1.0,k1883
k1937,0.3776,1.0,k1859
k25,0.246,1.0,k1733
k1791,0.4938,1.0,k182
k436,0.4167,1.0,k1797
k18,0.375,1.0,k1609
k310,0.2857,1.0,k484
k1543,0.2509,1.0,k1260
k542,0.2464,1.0,k1368
k748,0.4121,0.986,k1870
k1211,0.4012,0.9901,k1505
k970,0.6708,0.8973,k1328
k1764,0.2427,1.0,k607
k1182,0.2857,1.0,k368
k598,0.4103,0.9884,k1552
k1772,0.2969,1.0,k1054
k1857,0.2083,0.9412,k1939
k1408,0.4143,1.0,k1412
k933,0.2839,1.0,k948
k1729,0.2702,1.0,k241
k770,0.465,1.0,k1409
k555,0.3535,1.0,k1669
k1829,0.3529,1.0,k118
k1733,0.2227,1.0,k1520
k431,0.2622,1.0,k1143
k979,0.1746,1.0,k890
k1926,0.3077,1.0,k713
k395,0.351,1.0,k254
k1813,0.3987,1.0,k342
k502,0.2829,1.0,k1353
k1149,0.2031,1.0,k1058
k1533,0.3929,1.0,k25
k360,0.3619,1.0,k1664
k958,0.3214,1.0,k691
k312,0.2152,1.0,k622
k1313,0.305,1.0,k370
k170,0.2267,1.0,k1746
k1851,0.3981,1.0,k825
k1799,0.3104,1.0,k1763
k463,0.4271,0.9231,k918
k1685,0.268,1.0,k121
k1715,0.4091,1.0,k661
k358,0.2593,1.0,k1093
k124,0.3373,1.0,k273
k934,0.3056,1.0,k306
k798,0.2877,1.0,k515
k21,0.2878,1.0,k24
k253,0.3333,1.0,k1596
k1374,0.2982,1.0,k109
k1378,0.3278,1.0,k1739
k116,0.4024,0.9884,k611
k716,0.3724,1.0,k1448
k1650,0.4303,1.0,k972
k1939,0.3333,1.0,k1191
k181,0.2667,1.0,k839
k245,0.3796,1.0,k1724
k794,0.5507,0.9857,k936
k1478,0.4296,1.0,k1616
k404,0.4089,1.0,k1202
k1399,0.3941,0.9903,k737
k1021,0.1864,1.0,k557
k1912,0.3157,0.9778,k1044
k1165,0.5187,1.0,k681
k353,0.3291,1.0,k440
k44,0.4063,1.0,k1405
k1153,0.3478,1.0,k460
k1546,0.3889,0.9977,k1217
k1135,0.2222,1.0,k363
k980,0.2308,1.0,k926
k266,0.3281,1.0,k653
k1117,0.3083,1.0,k785
k158,0.4573,0.9916,k1577
k1695,0.292,1.0,k1745
k84,0.3519,1.0,k1501
k1452,0.2431,1.0,k585
k1682,0.2571,1.0,k1631
k1602,0.4189,1.0,k907
k1559,0.2729,1.0,k490
k1503,0.3217,1.0,k1915
k875,0.3383,1.0,k229
k982,0.3065,1.0,k217
k1932,0.25,1.0,k679
k1014,0.2842,1.0,k1740
k63,0.4915,1.0,k353
k154,0.2441,1.0,k1056
k1522,0.4647,0.9821,k828
k1590,0.4531,1.0,k1343
k1600,0.2222,1.0,k327
k1504,0.2328,1.0,k1714
k1821,0.5376,0.8235,k1274
k477,0.2222,1.0,k802
k1540,0.435,0.8065,k883
k416,0.3512,1.0,k843
k637,0.3636,1.0,k468
k79,0.625,0.8,k1736
k61,0.552,0.9826,k998
k1769,0.6213,0.9068,k677
k1766,0.6764,0.8518,k591
k1830,0.4475,0.9322,k787
k22,0.5847,0.8929,k1569
k350,0.5119,0.9722,k658
k568,0.3864,0.8696,k1164
k1278,0.4167,1.0,k1299
k1151,0.3173,1.0,k7
k538,0.4815,0.9474,k449
k926,0.5714,0.9333,k979
k1719,0.3808,0.8095,k748
k1707,0.4306,0.8571,k422
k391,0.5071,1.0,k399
k133,0.525,0.5714,k230
k219,0.4803,1.0,k1603
k1192,0.6042,1.0,k1832
k554,0.2525,1.0,k542
k1028,0.5536,1.0,k1418
k947,0.5888,0.9255,k1011
k1588,0.7566,0.3796,k210
k1109,0.5204,0.8,k433
k1295,0.3854,1.0,k167
k1373,0.5256,0.9231,k331
k1619,0.3452,1.0,k483
k190,0.5006,0.9464,k1080
k1570,0.4115,0.6875,k464
k1564,0.3554,0.9167,k522
k636,0.3823,1.0,k1484
k10,0.4551,0.96,k1169
k1744,0.4833,1.0,k4
k1248,0.4177,0.7041,k220
k738,0.4852,1.0,k456
k1435,0.5067,1.0,k920
k1294,0.5333,0.9412,k277
k818,0.2828,0.9,k1493
k928,0.45,1.0,k278
k588,0.5167,1.0,k552
k909,0.5551,0.9855,k957
k1342,0.5436,0.932,k137
k68,0.6461,0.9552,k1373
k750,0.6322,0.7979,k858
k1,0.8648,0.8,k1482
k1488,0.5084,0.9778,k1648
k1345,0.4265,0.9107,k1108
k1093,0.496,0.7295,k1594
k247,0.5391,0.8627,k237
k938,0.4005,0.9394,k777
k1096,0.4974,0.9194,k1166
k1563,0.4457,0.8261,k113
k1466,0.3095,0.9612,k511
k661,0.4422,0.7455,k1532
k902,0.3247,0.9043,k867
k1194,0.557,0.813,k1523
k1601,0.4875,0.5974,k487
k1390,0.398,0.9857,k1120
k1781,0.5876,0.9623,k744
k1256,0.4417,0.9231,k67
k1159,0.4441,0.97,k1180
k465,0.5546,0.875,k1223
k1596,0.4202,0.875,k1387
k1307,0.6189,1.0,k1602
k1732,0.4714,1.0,k905
k971,0.5386,0.5151,k717
k422,0.3544,1.0,k1381
k706,0.5,0.7778,k804
k1881,0.5571,1.0,k151
k1758,0.3407,0.875,k178
k1291,0.45,0.7143,k1369
k1856,0.4926,0.5429,k1742
k1163,0.4066,1.0,k421
k147,0.4483,0.9667,k301
k343,0.3929,1.0,k643
k397,0.3776,1.0,k935
k305,0.4938,0.8072,k1637
k418,0.3958,0.8947,k846
k198,0.3434,0.9167,k1751
k1498,0.4812,0.9048,k1157
k761,0.5914,0.8125,k1142
k82,0.3854,1.0,k356
k187,0.4337,0.9655,k709
k991,0.4297,0.7273,k1829
k419,0.6635,0.7576,k0
k1820,0.2778,1.0,k166
k1179,0.5702,0.8461,k954
k346,0.3636,1.0,k1917
k1348,0.4455,0.9091,k160
k663,0.513,0.875,k307
k619,0.567,0.9737,k596
k1938,0.6245,0.5143,k1256
k514,0.5152,0.8461,k705
k1865,0.5454,0.88,k1270
k1767,0.3978,0.9546,k1445
k225,0.4221,1.0,k287
k1814,0.4259,1.0,k1240
k510,0.3342,0.9891,k463
k1425,0.6667,0.9546,k485
k51,0.4772,0.9024,k1229
k1929,0.5893,0.6316,k698
k1823,0.3921,0.8261,k1874
k184,0.6168,0.75,k250
k879,0.5408,0.9273,k688
k169,0.3951,0.8182,k902
k1894,0.4107,0.9231,k665
k1704,0.6181,0.9412,k1857
k899,0.7306,0.45,k374
k1129,0.4667,0.9231,k1198
k699,0.5385,0.9091,k1322
k1054,0.5804,0.6111,k199
k128,0.7437,0.7,k1586
k655,0.6039,1.0,k90
k760,0.3546,0.5385,k1475
k1150,0.4515,0.4833,k938
k354,0.3462,0.9524,k457
k1273,0.4091,0.6,k1619
k306,0.4077,1.0,k803
k1371,0.497,0.9167,k190
k1784,0.3222,0.9,k942
k1636,0.5294,1.0,k732
k536,0.49,1.0,k1449
k1463,0.4476,0.7143,k1315
k423,0.4727,1.0,k1413
k1286,0.4737,0.52,k1084
k336,0.35,0.8571,k1059
k1606,0.2878,0.9773,k1086
k263,0.4421,0.9091,k1924
k1162,0.4818,0.875,k770
k781,0.4636,0.9091,k386
k171,0.4491,1.0,k707
k55,0.3333,1.0,k1212
k1527,0.2717,0.92,k1352
k988,0.4177,0.5882,k219
k577,0.4788,0.931,k577
k634,0.1875,1.0,k1281
k471,0.5617,0.931,k614
k1350,0.3939,1.0,k1424
k1511,0.4872,1.0,k337
k218,0.404,0.5882,k509
k1794,0.3905,1.0,k597
k241,0.5156,0.9412,k1366
k145,0.4363,0.7059,k1070
k1519,0.3563,1.0,k1040
k968,0.455,1.0,k1782
k860,0.4954,0.9931,k383
k1428,0.2667,1.0,k45
k1843,0.5582,0.8714,k654
k741,0.5611,1.0,k39
k1186,0.3287,0.9231,k1333
k1229,0.2679,0.9524,k1045
k1874,0.3333,1.0,k1536
k417,0.4383,0.9565,k1558
k1625,0.5069,0.75,k1365
k1897,0.5699,0.7059,k1386
k1587,0.4111,1.0,k1359
k843,0.4396,1.0,k1317
k1933,0.5125,0.5882,k1554
k1796,0.5392,0.75,k1015
k607,0.3886,0.9535,k1375
k1473,0.4219,0.5714,k110
k236,0.5695,0.8477,k1297
k1166,0.4074,1.0,k727
k1314,0.3667,1.0,k1
k808,0.382,1.0,k424
k371,0.2198,1.0,k629
k1582,0.3235,0.9444,k751
k1002,0.381,0.9231,k1318
k1623,0.3543,0.6,k1608
k973,0.4833,0.6522,k1438
k24,0.4447,0.3559,k1691
k1462,0.3772,0.8,k324
k1889,0.6849,0.5254,k226
k1076,0.5298,0.5333,k927
k1426,0.5667,0.7059,k1103
k603,0.7551,0.5417,k224
k965,0.3706,0.963,k613
k1190,0.3875,0.9677,k652
k1200,0.6725,1.0,k53
k1718,0.5489,0.9744,k593
k95,0.5663,0.9858,k1526
k891,0.38,0.9524,k1762
k1930,0.5182,0.95,k963
k569,0.4222,0.9615,k1565
k1175,0.5235,0.9723,k204
k790,0.5211,1.0,k1645
k1026,0.3455,0.9167,k454
k369,0.25,1.0,k570
k1837,0.4352,1.0,k1253
k351,0.1477,1.0,k1913
k533,0.5307,0.9833,k736
k1071,0.1556,1.0,k419
k309,0.2308,1.0,k19
k1526,0.5397,0.9808,k1764
k1036,0.4518,0.8182,k1557
k1052,0.3131,1.0,k1680
k1652,0.3609,0.7647,k674
k257,0.2292,1.0,k191
k1105,0.35,1.0,k1187
k90,0.2159,1.0,k1323
k5,0.3878,1.0,k1654
k1561,0.1169,1.0,k1476
k687,0.0278,1.0,k1216
k1542,0.2222,1.0,k1468
k771,0.2222,1.0,k31
k194,0.2448,1.0,k811
k754,0.1795,1.0,k478
k615,0.19,1.0,k719
k804,0.2273,1.0,k1503
k89,0.2083,0.8182,k952
k87,0.2424,1.0,k285
k641,0.2,1.0,k1190
k685,0.1852,0.9231,k251
k1468,0.2571,1.0,k576
k1077,0.2121,1.0,k1055
k64,0.0972,1.0,k1497
k256,0.3636,1.0,k962
k135,0.0818,1.0,k549
k766,0.303,1.0,k1585
k882,0.1719,1.0,k1051
k1696,0.4398,0.6832,k1898
k1639,0.2957,0.6721,k523
k1927,0.0992,1.0,k1454
k1594,0.2007,1.0,k434
k1413,0.2392,1.0,k455
k797,0.2159,1.0,k812
k1047,0.2915,1.0,k1464
k1343,0.3794,0.9796,k1794
k964,0.1973,0.9714,k1544
k734,0.9439,0.9994,k1397
k1566,0.4732,0.3525,k1926
k917,0.5273,0.34,k452
k1801,0.4583,0.3616,k1357
k1414,0.7612,0.3441,k58
k534,0.5289,0.2781,k1634
k271,0.8767,0.2863,k1627
k381,0.5403,0.3669,k51
k425,0.5214,0.3012,k83
k1181,0.7499,0.3737,k215
k1160,0.4854,0.4249,k1341
k1169,0.4907,0.3801,k172
k1712,0.8429,0.3371,k891
k1086,0.5179,0.4576,k242
k60,0.6342,0.3247,k467
k452,0.5347,0.397,k1765
k415,0.7906,0.3416,k1428
k868,0.8817,0.3401,k1071
k1397,0.5443,0.3911,k1132
k1496,0.5019,0.3633,k293
k1477,0.4678,0.3794,k212
k433,0.4386,0.355,k240
k557,0.4373,0.3803,k1885
k1216,0.5027,0.4167,k1860
k347,0.5398,0.4404,k1098
k550,0.4881,0.4108,k1296
k1806,0.4094,0.3049,k1873
k705,0.894,0.3151,k1403
k659,0.509,0.4276,k1679
k258,0.5215,0.6875,k1232
k834,0.5117,0.617,k1279
k865,0.365,0.3482,k17
k1376,0.4025,0.3218,k1177
k94,0.4924,0.3689,k247
k292,0.4622,0.5185,k743
k1415,0.476,0.3775,k1612
k49,0.5,0.3654,k8
k1518,0.5223,0.3309,k992
k1755,0.5345,0.381,k225
k563,0.409,0.4135,k767
k1040,0.4957,0.3795,k1712
k375,0.494,0.3439,k1008
k955,0.5799,0.3678,k11
k1237,0.4841,0.3529,k949
k1139,0.5479,0.387,k1653
k1379,0.4762,0.5204,k870
k37,0.4844,0.3288,k1410
k1713,0.5432,0.3866,k546
k490,0.529,0.3912,k1049
k65,0.5249,0.3878,k152
k805,0.8268,0.3952,k493
k382,0.5249,0.3844,k1443
k19,0.518,0.3232,k1744
k1044,0.5916,0.4724,k1251
k855,0.6009,0.4444,k1009
k172,0.5981,0.4141,k1774
k922,0.6021,0.4435,k1385
k136,0.4192,0.5079,k1561
k1127,0.4139,0.443,k641
k1923,0.5876,0.4389,k1498
k1620,0.6156,0.3914,k671
k547,0.4451,0.5824,k760
k1236,0.5824,0.3612,k548
k616,0.529,0.4102,k1161
k583,0.4831,0.3717,k1398
k1318,0.512,0.4465,k87
k71,0.505,0.4512,k832
k823,0.4701,0.4236,k496
k1048,0.4084,0.4903,k649
k1924,0.5488,0.4505,k1127
k1483,0.5172,0.4051,k1469
k15,0.4898,0.4363,k1508
k14,0.4892,0.4233,k1105
k1099,0.4647,0.4351,k1252
k667,0.4171,0.3884,k848
k189,0.5176,0.3829,k298
k1849,0.4953,0.4269,k830
k1224,0.4562,0.4706,k991
k141,0.438,0.4471,k885
k1537,0.4634,0.454,k520
k1387,0.4563,0.4377,k502
k1147,0.4568,0.4744,k1434
k475,0.5101,0.4492,k1550
k213,0.497,0.4124,k1204
k165,0.5411,0.4856,k899
k1909,0.4382,0.4356,k813
k866,0.5047,0.4011,k79
k1500,0.5942,0.4615,k1921
k1069,0.5822,0.4639,k1849
k606,0.5282,0.3857,k1489
k1019,0.5493,0.4578,k982
k854,0.5048,0.4587,k61
k1009,0.5084,0.3925,k1282
k161,0.5391,0.4108,k768
k1064,0.5676,0.4157,k411
k1416,0.5647,0.4961,k1213
k1240,0.5581,0.3896,k84
k167,0.4717,0.4005,k612
k367,0.495,0.345,k1072
k424,0.4512,0.4157,k1421
k1642,0.8473,0.5078,k910
k1173,0.5596,0.4402,k227
k809,0.5058,0.3421,k1458
k1234,0.562,0.3857,k297
k1381,0.5815,0.4226,k1170
k939,0.5849,0.3634,k881
k1429,0.6119,0.4264,k1500
k704,0.5908,0.39,k859
k1901,0.5907,0.3947,k663
k0,0.5253,0.4335,k180
k635,0.3404,0.4545,k1031
k681,0.5838,0.4058,k1938
k1332,0.5758,0.3739,k1731
k595,0.4014,0.4516,k499
k1433,0.3431,0.4746,k50
k1576,0.6278,0.3642,k631
k1753,0.4843,0.4578,k943
k1899,0.4618,0.4671,k354
k384,0.5876,0.4089,k532
k113,0.6469,0.4789,k459
k476,0.6246,0.3744,k1047
k1868,0.6144,0.4033,k1378
k1394,0.6434,0.4073,k540
k379,0.6288,0.5426,k1687
k140,0.379,0.4286,k1730
k1392,0.6637,0.5155,k1778
k322,0.4768,0.5489,k521
k1928,0.2981,0.5889,k1840
k767,0.3379,0.3906,k975
k948,0.5526,0.3944,k1801
k1078,0.35,0.5327,k1907
k1628,0.4946,0.4355,k271
k1499,0.5601,0.56,k1660
k1152,0.6502,0.4879,k1327
k1351,0.4668,0.5301,k795
k361,0.5793,0.4379,k359
k1859,0.6448,0.4723,k1004
k1032,0.416,0.5714,k1655
k1227,0.4915,0.3935,k1817
k1292,0.3822,0.3399,k32
k102,0.5016,0.5662,k1696
k1785,0.4957,0.5345,k112
k941,0.4818,0.4524,k96
k1395,0.4812,0.7308,k1773
k647,0.3638,0.4537,k929
k807,0.4088,0.5341,k1122
k56,0.3931,0.5904,k329
k1818,0.4079,0.4522,k738
k1366,0.614,0.6548,k159
k376,0.4938,0.5619,k1321
k222,0.4261,0.381,k1847
k1740,0.4206,0.551,k158
k1013,0.4065,0.431,k1271
k1507,0.3508,0.4528,k587
k211,0.4155,0.5529,k753
k632,0.4024,0.5104,k1239
k1438,0.3818,0.5402,k970
k1686,0.4501,0.5,k500
k949,0.3542,0.5,k340
k864,0.4144,0.5054,k565
k1293,0.4022,0.5402,k864
k506,0.3545,0.5281,k1408
k1916,0.3855,0.5732,k9
k80,0.3404,0.5222,k1183
k556,0.3916,0.5897,k551
k103,0.3819,0.4537,k1185
k228,0.4032,0.5313,k1102
k1694,0.3564,0.4848,k1189
k959,0.3669,0.451,k1451
k196,0.3987,0.5098,k133
k1841,0.3995,0.5454,k1491
k1328,0.3535,0.5824,k1457
k1191,0.3752,0.5909,k1697
k1846,0.3912,0.5285,k49
k835,0.455,0.5401,k1661
k1362,0.4568,0.5923,k584
k320,0.6234,0.5161,k1460
k1708,0.3884,0.5636,k1459
k1246,0.3514,0.4958,k80
k134,0.3333,0.4872,k1591
k1056,0.5917,0.5652,k1041
k1514,0.6139,0.4667,k446
k1714,0.3622,0.5085,k1527
k200,0.3697,0.4493,k1422
k898,0.3789,0.5294,k536
k1501,0.4018,0.5849,k775
k1189,0.3443,0.5128,k391
k85,0.3849,0.5963,k1302
k544,0.3514,0.5268,k200
k6,0.4029,0.5484,k198
k731,0.3191,0.5043,k1492
k294,0.397,0.4961,k1432
k1451,0.4072,0.5929,k988
k1456,0.3906,0.5385,k657
k73,0.6186,0.494,k1685
k1203,0.436,0.4853,k1790
k1208,0.5898,0.4695,k626
k96,0.358,0.458,k12
k1220,0.6149,0.5352,k223
k618,0.667,0.554,k1533
k316,0.3996,0.4769,k1153
k842,0.3855,0.4485,k1800
k1063,0.6823,0.4565,k1649
k742,0.4433,0.5116,k1770
k785,0.4556,0.544,k1319
k1838,0.4225,0.5313,k1571
k1655,0.4089,0.4118,k798
k1459,0.4577,0.5565,k495
k486,0.4083,0.4295,k1230
k1418,0.4176,0.3678,k1511
k267,0.413,0.4894,k1879
k872,0.4332,0.4621,k1188
k1783,0.4816,0.4545,k93
k1075,0.4233,0.4962,k1018
k1908,0.7061,0.6094,k906
k101,0.4403,0.536,k186
k1443,0.4654,0.4314,k27
k42,0.435,0.5417,k414
k1195,0.4748,0.4685,k1722
k368,0.4627,0.5354,k1200
k1710,0.4877,0.4545,k1301
k553,0.4498,0.4388,k1785
k1747,0.4362,0.5,k1453
k801,0.4008,0.5391,k494
k1921,0.5404,0.5461,k1415
k1132,0.4603,0.4927,k724
k1228,0.4871,0.4465,k1583
k356,0.4368,0.4295,k57
k483,0.4527,0.3931,k1495
k729,0.4393,0.4,k432
k1869,0.0,1.0,k253
k270,0.4086,0.4718,k436
k858,0.4544,0.4187,k1767
k485,0.4306,0.5113,k1307
k1161,0.4557,0.5379,k1781
k1703,0.4081,0.5114,k1123
k1280,0.5599,0.537,k262
k1305,0.4285,0.4925,k1304
k467,0.4604,0.4503,k1339
k1934,0.4438,0.5841,k796
k656,0.4486,0.5983,k274
k1896,0.526,0.6353,k1377
k1775,0.4627,0.5224,k814
k1059,0.4277,0.45,k194
k148,0.4286,0.5313,k1517
k856,0.4441,0.5191,k1845
k1098,0.3973,0.4667,k344
k777,0.3975,0.4962,k987
k123,0.4162,0.5529,k1205
k287,0.4237,0.4855,k901
k201,0.4417,0.6302,k1676
k91,0.4668,0.5245,k1514
k1735,0.387,0.5664,k311
k657,0.646,0.4912,k123
k1029,0.4293,0.528,k1082
k244,0.4294,0.4891,k841
k1041,0.4709,0.4615,k450
k1055,0.4716,0.5303,k916
k1375,0.4272,0.625,k1671
k521,0.4401,0.5185,k932
k784,0.3901,0.4172,k851
k1805,0.4063,0.4014,k120
k591,0.4707,0.4558,k407
k1676,0.0,1.0,k771
k571,0.5007,0.5529,k1273
k682,0.4319,0.3533,k1843
k692,0.4657,0.4963,k1136
k1213,0.4562,0.5,k646
k1573,0.4636,0.4503,k642
k1288,0.4594,0.5177,k75
k11,0.4508,0.4643,k1305
k325,0.4654,0.4114,k1534
k1326,0.4893,0.4897,k1854
k348,0.4932,0.4125,k1884
k1469,0.4422,0.4497,k547
k1356,0.5883,0.5772,k819
k1221,0.5003,0.4259,k1814
k1482,0.464,0.5349,k1779
k491,0.4111,0.4437,k1429
k178,0.4405,0.4667,k1210
k1116,0.4934,0.4025,k1605
k206,0.4331,0.4545,k769
k1752,0.4325,0.52,k1005
k335,0.4336,0.4733,k1052
k334,0.4182,0.488,k1036
k72,0.5314,0.6139,k604
k231,0.468,0.4786,k909
k658,0.4771,0.4186,k1030
k1262,0.4235,0.4189,k1351
k743,0.41,0.4552,k889
k911,0.473,0.4497,k1250
k1832,0.5253,0.4301,k1564
k1339,0.4644,0.3641,k427
k1575,0.5246,0.64,k1407
k885,0.4595,0.4615,k197
k429,0.4926,0.4416,k1106
k1919,0.4495,0.4027,k850
k604,0.5399,0.6667,k826
k1337,0.4678,0.5149,k56
k212,0.4516,0.4963,k689
k1795,0.5008,0.5105,k820
k1538,0.5054,0.4171,k1151
k1380,0.4565,0.471,k1311
k1547,0.4121,0.4604,k852
k1763,0.413,0.5114,k644
k330,0.4569,0.4516,k1461
k689,0.4769,0.9286,k470
k832,0.42,0.5,k142
k447,0.451,0.4823,k844
k580,0.4975,0.4897,k477
k1207,0.4858,0.425,k739
k1187,0.4369,0.4151,k645
k795,0.4291,0.413,k258
k1898,0.4322,0.3742,k801
k377,0.388,0.4097,k308
k1008,0.4572,0.4026,k1674
k581,0.4663,0.3846,k984
k763,0.4317,0.4525,k1148
k1515,0.4724,0.4114,k749
k1403,0.3965,0.5714,k694
k146,0.3669,0.7105,k1816
k921,0.4818,0.4044,k518
k1680,0.3961,0.5955,k960
k1101,0.4201,0.5454,k893
k992,0.3394,0.573,k1614
k180,0.3685,0.4949,k1371
k676,0.4075,0.5698,k1249
k406,0.399,0.53,k44
k1421,0.4587,0.537,k221
k791,0.4759,0.5053,k1804
k765,0.3952,0.5778,k471
k562,0.4571,0.5,k505
k889,0.8487,0.2901,k1747
k1802,0.4692,0.3375,k1035
k602,0.5232,0.3511,k1480
k1604,0.489,0.2282,k1818
k1702,0.8856,0.3094,k947
k446,0.5204,0.5747,k447
k1531,0.4331,0.4386,k648
k209,0.3787,0.5161,k150
k1081,0.395,0.48,k1886
k1862,0.4951,0.5093,k290
k1876,0.4556,0.5506,k1264
k1212,0.5601,0.5736,k1474
k1717,0.5734,0.5423,k1901
k434,0.572,0.4744,k807
k697,0.4347,0.8798,k526
k1610,0.3151,0.9412,k1896
k1727,0.6457,0.7778,k563
k625,0.2143,1.0,k29
k197,0.265,1.0,k1927
k192,0.4167,0.8571,k1499
k203,0.15,1.0,k1522
k138,0.4375,0.8,k1244
k1618,0.25,1.0,k1400
k311,0.5,1.0,k1681
k1555,0.25,1.0,k1663
k683,0.52,1.0,k810
k1156,0.4,1.0,k1775
k1709,0.4815,0.75,k54
k23,0.3333,1.0,k683
k1591,0.2857,1.0,k974
k1265,0.3333,1.0,k1388
k1880,0.35,1.0,k716
k437,0.625,1.0,k609
k278,0.4,1.0,k1062
k758,0.2667,1.0,k71
k291,0.32,1.0,k1079
k1364,0.375,1.0,k260
k1688,0.25,1.0,k38
k1844,0.4,0.75,k1290
k702,0.3333,1.0,k336
k1244,0.3333,1.0,k403
k54,0.25,0.75,k601
k816,0.3333,1.0,k1165
k1495,0.5,1.0,k81
k1506,0.375,0.8,k268
k1579,0.5,1.0,k1361
k1792,0.3929,1.0,k514
k337,0.5758,0.8571,k977
k978,0.4286,1.0,k437
k1529,0.7208,0.9231,k332
k1341,0.3333,1.0,k1834
k837,0.3571,1.0,k534
k457,0.575,1.0,k684
k1617,0.48,0.7143,k21
k703,0.3571,0.8,k668
k728,0.4333,0.8333,k529
k574,0.2,1.0,k1842
k1309,0.15,1.0,k1667
k317,0.5556,0.75,k880
k1716,0.15,1.0,k1293
k1183,0.5,1.0,k1272
k1354,0.4,1.0,k1795
k543,0.25,1.0,k1002
k1222,0.5278,0.8571,k946
k1780,0.5429,1.0,k126
k1024,0.4667,1.0,k318
k1593,0.6191,0.75,k155
k539,0.2,1.0,k320
k631,0.4667,1.0,k36
k1253,0.4667,1.0,k243
k324,0.3438,0.8,k299
k1235,0.4333,1.0,k1791
k345,0.45,1.0,k1283
k243,0.4896,0.6667,k1275
k1648,0.4286,1.0,k1046
k1458,0.5952,0.8571,k1436
k1649,0.55,0.625,k594
k164,0.4286,1.0,k99
k1070,0.2,1.0,k1813
k1931,0.2917,1.0,k1502
k1626,0.3667,0.8333,k1580
k488,0.65,0.8571,k745
k857,0.5938,1.0,k408
k1066,0.5357,1.0,k406
k355,0.525,0.5714,k1363
k717,0.5143,0.8333,k1477
k1751,0.2,1.0,k1025
k77,0.4667,0.8333,k398
k940,0.3825,1.0,k420
k1697,0.5673,0.9194,k1852
k99,0.459,1.0,k618
k695,0.4103,1.0,k1300
k1410,0.3333,1.0,k1016
k522,0.6281,0.8222,k708
k1097,0.2244,1.0,k73
k896,0.3287,1.0,k1509
k323,0.4457,1.0,k1690
k1331,0.4326,1.0,k319
k1146,0.3421,1.0,k156
k769,0.3739,0.9787,k101
k115,0.3917,1.0,k886
k1329,0.3643,1.0,k20
k1110,0.2,1.0,k1081
k622,0.4074,0.9474,k349
k1061,0.3391,1.0,k1285
k1196,0.5167,1.0,k1206
k1850,0.4444,0.9474,k125
k679,0.5347,0.6154,k1325
k1738,0.5357,0.875,k650
k881,0.4509,0.6154,k1666
k1486,0.25,0.4444,k1000
k1045,0.3,0.6667,k364
k930,0.3818,0.5556,k1848
k1079,0.3248,0.8182,k1771
k1090,0.4199,0.9682,k1638
k517,0.4902,1.0,k1179
k478,0.3172,1.0,k1909
k132,0.3864,1.0,k1940
k451,0.3681,1.0,k1750
k1552,0.399,1.0,k1838
k1267,0.3442,1.0,k261
k408,0.5317,1.0,k105
k1807,0.5947,1.0,k1821
k125,0.6445,0.9829,k1360
k81,0.2911,1.0,k519
k1205,0.4886,0.9905,k1769
k1599,0.4944,0.9889,k592
k1296,0.3251,0.9759,k1713
k260,0.5046,1.0,k1865
k1184,0.405,1.0,k993
k1383,0.4155,0.9858,k236
k1904,0.3099,1.0,k531
k918,0.4194,0.9931,k610
k1180,0.4603,1.0,k1891
k1613,0.3333,1.0,k168
k1890,0.3182,0.9565,k1192
k800,0.3492,1.0,k1226
k313,0.4571,1.0,k252
k204,0.4219,1.0,k1048
k713,0.2813,1.0,k969
k1475,0.3929,1.0,k72
k1654,0.275,1.0,k1796
k223,0.42,1.0,k1420
k1484,0.1439,1.0,k1632
k259,0.7516,0.563,k590
k1382,0.4675,1.0,k543
k1252,0.3218,1.0,k685
k299,0.197,1.0,k1916
k214,0.5292,0.9615,k64
k363,0.1484,1.0,k821
k428,0.2902,1.0,k47
k997,0.25,0.9524,k875
k1427,0.2569,0.9787,k968
k1115,0.2261,1.0,k1158
k1232,0.3333,0.45,k1683
k1684,0.2355,1.0,k1340
k1657,0.2727,1.0,k1110
k1471,0.2552,1.0,k1894
k1638,0.3303,1.0,k539
k519,0.3214,1.0,k1836
k1168,0.4634,0.5333,k409
k1630,0.2874,1.0,k1729
k677,0.4911,0.9655,k1595
k1330,0.4444,0.8333,k878
k1777,0.3038,1.0,k362
k1074,0.3025,1.0,k1719
k191,0.5268,0.875,k933
k1774,0.3487,1.0,k482
k1460,0.375,1.0,k488
k97,0.3383,1.0,k1095
k327,0.2917,1.0,k995
k1645,0.1786,0.875,k104
k877,0.4722,0.9,k1717
k1106,0.375,0.8889,k1823
k1607,0.3889,1.0,k270
k362,0.2041,1.0,k177
k449,0.4722,1.0,k1933
k513,0.4286,1.0,k1651
k1346,0.2556,0.9,k119
k1833,0.36,1.0,k1233
k722,0.4133,1.0,k412
k1935,0.3128,1.0,k1923
k469,0.303,1.0,k1783
k996,0.1984,1.0,k1815
k119,0.3951,0.7907,k759
k649,0.3496,1.0,k1471
k1083,0.32,1.0,k1316
k1361,0.2556,1.0,k703
k1809,0.3852,0.9677,k1543
k1095,0.25,1.0,k1652
k1299,0.2546,1.0,k854
k474,0.3769,1.0,k794
k35,0.2361,1.0,k541
k1641,0.2571,0.9524,k501
k1448,0.4394,0.9565,k1566
k1411,0.2222,1.0,k561
k226,0.4336,0.9565,k1023
k1126,0.3056,1.0,k1878
k924,0.3498,0.9565,k1037
k688,0.2778,1.0,k1695
k163,0.2333,0.9375,k606
k48,0.275,1.0,k562
k575,0.2091,1.0,k1442
k453,0.3333,1.0,k395
k1615,0.2868,0.9706,k1531
k283,0.4,1.0,k343
k273,0.3611,1.0,k647
k1627,0.3659,0.8788,k1228
k1312,0.4159,1.0,k791
k994,0.2045,1.0,k443
k75,0.3141,1.0,k845
k799,0.3,1.0,k976
k869,0.4,1.0,k276
k1571,0.25,1.0,k1515
k1586,0.2941,1.0,k1643
k342,0.4018,0.9333,k1452
k1243,0.254,1.0,k1925
k608,0.3401,1.0,k134
k605,0.3723,0.7647,k1881
k1398,0.3036,1.0,k333
k1084,0.3111,1.0,k444
k86,0.1667,1.0,k360
k1210,0.4583,1.0,k664
k1440,0.284,1.0,k1919
k952,0.2444,1.0,k1539
k1445,0.485,0.6667,k1247
k880,0.2444,1.0,k1882
k998,0.5083,1.0,k1154
k937,0.3426,1.0,k48
k12,0.4937,0.9208,k170
k1864,0.4625,0.9891,k1597
k364,0.3333,1.0,k218
k1119,0.2333,1.0,k1349
k1409,0.3462,1.0,k831
k504,0.1136,1.0,k1598
k1204,0.25,1.0,k400
k905,0.26,1.0,k1601
k205,0.2188,1.0,k26
k1568,0.2031,1.0,k1146
k1670,0.2182,1.0,k245
k1556,0.1406,1.0,k1342
k1085,0.2143,1.0,k1034
k1283,0.2589,1.0,k1097
k764,0.3232,1.0,k246
k609,0.3636,1.0,k1364
k1776,0.2762,1.0,k734
k45,0.5582,0.3934,k135
k199,0.2778,1.0,k244
k1257,0.3333,1.0,k1710
k1675,0.1571,1.0,k1416
k359,0.3333,1.0,k1568
k660,0.2143,1.0,k510
k954,0.3929,1.0,k1050
k1910,0.3036,1.0,k776
k1572,0.2988,1.0,k900
k1030,0.3232,1.0,k148
k315,0.2222,1.0,k222
k650,0.3267,1.0,k448
k530,0.3232,1.0,k1075
k9,0.45,1.0,k1934
k374,0.3258,1.0,k283
k1485,0.35,1.0,k1085
k730,0.7193,0.85,k1267
k651,0.2286,1.0,k1863
k1635,0.3567,1.0,k469
k1798,0.3536,1.0,k1199
k1171,0.3175,1.0,k1447
k528,0.4271,1.0,k1673
k304,0.3769,1.0,k1245
k1467,0.2418,0.9,k1284
k1060,0.4444,0.6875,k1473
k1883,0.4795,0.6429,k822
k852,0.4396,0.6364,k1064
k1439,0.3391,0.7143,k1382
k1705,0.2917,1.0,k904
k1037,0.328,1.0,k1806
k961,0.3929,0.9333,k508
k430,0.5701,0.6389,k1738
k318,0.2778,1.0,k1716
k487,0.3409,0.9091,k1613
k630,0.2222,0.8889,k1419
k295,0.5852,0.8182,k586
k946,0.4293,1.0,k1441
k1167,0.6004,0.9286,k1061
k1405,0.3893,1.0,k1042
k1761,0.3552,1.0,k1167
k626,0.2899,1.0,k742
k109,0.2216,1.0,k692
k1553,0.2292,1.0,k1066
k573,0.3726,0.9444,k1313
k1826,0.2083,1.0,k1376
k1401,0.3,1.0,k269
k1913,0.2159,1.0,k507
k935,0.2143,1.0,k1337
k427,0.2899,1.0,k255
k720,0.2,1.0,k1810
k560,0.2587,1.0,k46
k137,0.2596,1.0,k98
k1042,0.45,1.0,k1811
k945,0.3647,1.0,k1757
k1779,0.3162,1.0,k1880
k1560,0.3571,1.0,k630
k1268,0.3058,1.0,k1437
k1134,0.4148,1.0,k873
k1317,0.34,1.0,k1513
k1102,0.359,0.84,k914
k1810,0.2917,1.0,k1286
k999,0.3167,0.8889,k326
k878,0.2208,1.0,k729
k1370,0.3647,1.0,k22
k92,0.2083,1.0,k402
k1080,0.4333,1.0,k1259
k1827,0.6458,0.5454,k37
k1423,0.2467,1.0,k924
k680,0.4733,1.0,k1265
k548,0.3091,0.9167,k18
k1062,0.3214,1.0,k55
k272,0.3333,1.0,k1362
k1871,0.3056,1.0,k1610
k1585,0.2857,1.0,k10
k508,0.5022,1.0,k1822
k1073,0.2346,1.0,k428
k1279,0.3636,1.0,k1193
k230,0.1893,1.0,k640
k43,0.3675,0.9474,k1930
k1692,0.2778,1.0,k1732
k1711,0.3818,1.0,k1786
k468,0.4,1.0,k239
k518,0.2756,1.0,k62
k623,0.2917,1.0,k1450
k1808,0.3636,1.0,k43
k106,0.34,1.0,k1835
k1786,0.2727,1.0,k888
k990,0.2308,1.0,k599
k107,0.2727,1.0,k1793
k412,0.2597,1.0,k396
k1701,0.3254,0.9286,k1861
k1629,0.275,1.0,k1390
k1012,0.309,1.0,k451
k17,0.3654,1.0,k173
k202,0.0781,1.0,k1559
k974,0.2955,1.0,k535
k1679,0.2222,1.0,k1819
k1852,0.4412,1.0,k799
k392,0.4273,0.9167,k1099
k639,0.2778,1.0,k131
k229,0.3,1.0,k1391
k673,0.3278,1.0,k701
k1303,0.2469,1.0,k965
k1321,0.4318,1.0,k917
k1902,0.2,1.0,k1221
k492,0.3827,1.0,k132
k1304,0.2667,1.0,k1350
k643,0.3631,1.0,k498
k752,0.2139,1.0,k537
k1068,0.2,1.0,k710
k1285,0.2381,1.0,k887
k1757,0.4364,1.0,k913
k152,0.3175,1.0,k259
k39,0.2975,0.9,k69
k735,0.3999,0.979,k1809
k670,0.2436,1.0,k779
k495,0.1286,1.0,k545
k1647,0.3452,1.0,k721
k848,0.2556,1.0,k30
k747,0.3392,1.0,k1929
k1136,0.3214,1.0,k1592
k589,0.2593,1.0,k1131
k1472,0.1591,1.0,k405
k1513,0.1901,1.0,k136
k1424,0.3,1.0,k978
k723,0.5086,1.0,k1355
k1574,0.4621,1.0,k1383
k967,0.3151,0.9661,k1020
k121,0.5225,0.94,k1263
k1049,0.5594,0.105,k1220
k1446,0.7257,0.6154,k961
k1521,0.4643,1.0,k1257
k627,0.2714,1.0,k280
k1866,0.2562,1.0,k556
k1385,0.4111,0.9375,k620
k1683,0.5323,0.7436,k1446
k1004,0.4044,1.0,k1877
k1554,0.5258,0.9767,k1332
k1608,0.5462,0.9091,k201
k540,0.25,1.0,k1727
k893,0.4487,1.0,k1303
k700,0.5921,0.3333,k66
k1325,0.5556,0.5625,k1734
k1917,0.494,0.7,k1831
k813,0.6357,0.5172,k1423
k221,0.4697,0.9231,k908
k570,0.6571,0.4667,k1091
k740,0.6496,0.4545,k1872
k987,0.6282,0.6316,k598
k811,0.2727,0.9167,k365
k220,0.2909,1.0,k1196
k290,0.5526,0.7037,k1479
k1644,0.3018,1.0,k945
k1863,0.3431,1.0,k141
k986,0.2591,1.0,k1287
k774,0.1569,0.9444,k373
k1272,0.3987,0.8182,k1137
k1430,0.437,0.9643,k418
k498,0.4444,0.9474,k1621
k250,0.2742,1.0,k879
k127,0.2689,1.0,k1096
k1277,0.4024,1.0,k1043
k380,0.311,1.0,k558
k144,0.275,1.0,k415
k721,0.2801,1.0,k617
k500,0.5466,0.5,k572
k1493,0.2657,1.0,k1545
k1905,0.2727,1.0,k1776
k541,0.1556,1.0,k800
k1730,0.4282,1.0,k818
k1057,0.276,1.0,k922
k739,0.302,1.0,k85
k840,0.3905,0.9333,k1587
k410,0.3939,0.561,k475
k1254,0.2,1.0,k192
k516,0.2273,1.0,k92
k931,0.2353,1.0,k1892
k759,0.3205,0.9286,k746
k1854,0.3456,1.0,k1766
k1025,0.6474,0.5968,k439
k1340,0.4224,0.7778,k322
k753,0.4883,0.9412,k139
k1678,0.7306,0.6667,k1787
k757,0.7126,0.2447,k2
k1895,0.7018,0.5373,k733
k302,0.5218,0.5366,k207
k1674,0.5904,0.7907,k1659
k582,0.5537,0.7108,k1483
k47,0.5563,0.6626,k1932
k629,0.3623,1.0,k793
k282,0.5961,0.6829,k655
k1453,0.4375,0.8,k1414
k633,0.6429,0.9655,k86
k645,0.2781,1.0,k503
k1422,0.2733,0.9091,k1708
k671,0.3316,1.0,k553
k413,0.2045,1.0,k1620
k733,0.3083,1.0,k1331
k888,0.256,1.0,k1425
k1164,0.5347,0.9677,k176
k442,0.2349,1.0,k35
k227,0.2056,1.0,k74
k640,0.2597,1.0,k231
k240,0.2308,1.0,k292
k1407,0.2083,1.0,k1487
k566,0.3155,1.0,k911
k1634,0.2663,1.0,k1119
k448,0.2028,1.0,k512
k718,0.3231,1.0,k774
k1447,0.4816,0.9697,k1389
k1419,0.256,1.0,k723
k1454,0.3647,1.0,k294
k232,0.3333,1.0,k1688
k929,0.284,0.9286,k1026
k175,0.3111,1.0,k1138
k67,0.3571,1.0,k474
k252,0.3155,1.0,k1900
k286,0.3131,1.0,k564
k1027,0.3709,0.9583,k1920
k1158,0.3278,1.0,k662
k1233,0.375,1.0,k651
k1847,0.5221,1.0,k634
k1347,0.2448,1.0,k214
k829,0.2963,1.0,k680
k549,0.5855,1.0,k209
k1884,0.375,1.0,k1073
k1022,0.4095,1.0,k625
k20,0.2941,0.8095,k208
k1176,0.6061,0.7059,k181
k341,0.3595,1.0,k335
k1900,0.7354,0.3529,k1890
k567,0.7529,0.5143,k1908
k565,0.5,0.5417,k5
k120,0.605,0.3056,k302
k1389,0.4086,0.3529,k861
k1885,0.3526,1.0,k1512
k727,0.5371,0.68,k438
k366,0.6534,0.6956,k1235
k1214,0.5249,0.8667,k1392
k1431,0.6413,0.7143,k1678
k884,0.4259,0.8824,k895
k104,0.4056,0.9091,k1439
k1335,0.6254,1.0,k1116
k129,0.5702,0.75,k595
k1800,0.6804,0.6667,k1380
k762,0.3,0.8333,k1912
k300,0.6357,0.9333,k279
k867,0.6806,0.5385,k40
k472,0.6543,0.6923,k1798
k662,0.6094,0.8,k1670
k1548,0.5318,0.75,k538
k98,0.6722,0.8518,k956
k27,0.4653,0.8182,k1911
k1128,0.5849,0.6897,k1053
k853,0.6387,0.7083,k103
k1668,0.3618,0.8261,k865
k969,0.5882,0.5714,k435
k611,0.6833,0.8333,k465
k1748,0.6546,0.6286,k1897
k863,0.5667,0.8824,k1024
k1530,0.6756,0.6429,k235
k1557,0.4952,0.4545,k1067
k1089,0.6429,0.4375,k1254
k725,0.7479,0.5102,k686
k846,0.5758,0.8049,k185
k481,0.5513,0.3514,k897
k1853,0.415,0.7879,k1145
k265,0.6111,0.4333,k790
k1577,0.5529,0.5185,k303
k850,0.3377,1.0,k1057
k1872,0.3247,0.9714,k1749
k262,0.5245,1.0,k1868
k151,0.3122,0.9333,k1184
k1845,0.2727,0.88,k892
k1778,0.2367,1.0,k321
k1358,0.35,0.9524,k1027
k1888,0.2656,1.0,k1799
k1739,0.3667,1.0,k780
k1217,0.3526,1.0,k782
k1261,0.2933,1.0,k1579
k1539,0.3208,1.0,k524
k383,0.2788,1.0,k1470
k162,0.2954,0.9688,k824
k444,0.2387,1.0,k623
k1082,0.3889,1.0,k1100
k285,0.4929,1.0,k1406
k1706,0.1736,1.0,k1759
k1323,0.3788,0.9474,k1618
k773,0.2174,1.0,k722
k1597,0.2668,1.0,k1755
k1759,0.3222,1.0,k1540
k114,0.4653,1.0,k877
k1656,0.2807,0.913,k866
k1310,0.2056,1.0,k161
k74,0.3972,1.0,k853
k1725,0.5,1.0,k636
k1420,0.5454,1.0,k14
k1700,0.3,0.9375,k754
k819,0.5436,0.9818,k1003
k402,0.2865,1.0,k1069
k108,0.4497,1.0,k361
k942,0.5322,0.9198,k1866
k597,0.329,0.9682,k1021
k1249,0.5896,0.9825,k855
k1867,0.227,1.0,k806
k862,0.2204,1.0,k725
k696,0.25,1.0,k382
k874,0.4254,0.4114,k588
k1580,0.4727,0.4853,k394
k1817,0.3365,0.9286,k1937
k1614,0.4103,1.0,k1928
k501,0.3216,1.0,k1094
k1038,0.2667,1.0,k573
k349,0.4141,1.0,k1175
k1011,0.4063,1.0,k838
k1301,0.1,1.0,k921
k288,0.3846,0.9811,k1560
k936,0.2339,1.0,k33
k174,0.3967,1.0,k171
k1673,0.4725,0.8929,k1650
k1621,0.4945,0.9592,k1519
k281,0.5366,0.913,k1268
k1434,0.487,0.9847,k1820
k887,0.3889,1.0,k1642
k1754,0.3386,1.0,k673
k168,0.3182,1.0,k834
k188,0.2513,1.0,k1329
k1551,0.1272,1.0,k718
k772,0.3567,1.0,k1017
k1789,0.2097,1.0,k1173
k1142,0.4508,1.0,k1807
k1023,0.3604,1.0,k291
k841,0.306,1.0,k693
k1492,0.2083,1.0,k1538
k993,0.303,1.0,k480
k454,0.4145,1.0,k1590
k1653,0.399,1.0,k696
k1308,0.325,1.0,k1658
k3,0.2955,1.0,k149
k122,0.3309,1.0,k1309
k587,0.3636,1.0,k504
k1660,0.3083,0.9677,k328
k182,0.288,1.0,k372
k1746,0.4309,0.9483,k1551
k1315,0.3613,1.0,k1277
k512,0.33,1.0,k275
k373,0.425,1.0,k1808
k1124,0.4958,1.0,k836
k1251,0.5908,1.0,k1607
k1903,0.6098,0.8461,k281
k176,0.2917,1.0,k390
k1797,0.5831,0.9394,k1743
k1437,0.5629,0.7222,k346
k1298,0.4626,0.9714,k1518
k907,0.2778,1.0,k706
k1595,0.6094,0.8571,k127
k494,0.5095,0.8824,k348
k1017,0.5731,0.6552,k566
k653,0.583,0.9592,k567
k484,0.456,0.7647,k97
k1050,0.5236,0.9688,k1789
k1206,0.5238,0.7826,k1803
k950,0.4368,1.0,k1758
k1259,0.4485,1.0,k1430
k298,0.4762,1.0,k367
k297,0.5706,0.7949,k1617
k825,0.3925,1.0,k164
k1223,0.3599,1.0,k925
k1402,0.624,0.7838,k772
k1698,0.4231,0.9474,k1494
k1911,0.5221,0.96,k1802
k458,0.5012,0.9063,k257
k1520,0.2727,1.0,k300
k1001,0.3214,1.0,k714
k1892,0.34,1.0,k211
k1145,0.3838,1.0,k735
k242,0.3,1.0,k1107
k894,0.2109,1.0,k1768
k489,0.4133,1.0,k621
k1154,0.3285,1.0,k1326
k1690,0.2579,1.0,k559
k836,0.3313,0.1509,k1705
k1879,0.4408,0.5333,k950
k215,0.9275,0.8106,k330
k806,0.2222,1.0,k1700
k1886,0.5295,0.3729,k784
k1457,0.6124,0.4074,k429
k1491,0.6018,0.2353,k1922
k783,0.555,0.5128,k1553
k796,0.0368,0.6667,k761
k1067,0.45,0.1312,k1904
k814,0.5735,0.6667,k115
k1140,0.3155,0.7188,k527
k1065,0.5621,0.2308,k1824
k944,0.4891,0.1321,k1656
k1000,0.4846,0.2125,k351
k1199,0.5098,0.6,k1478
k195,0.5571,0.4667,k1160
k41,0.3462,0.3636,k1507
k1125,0.6389,0.6667,k63
k255,0.3875,1.0,k1867
k1320,0.43,0.5,k1576
k652,0.3158,0.5714,k379
k1157,0.4967,0.5625,k296
k1417,0.3611,1.0,k492
k976,0.5662,1.0,k107
k1490,0.3064,0.1463,k82
k1633,0.4035,0.1378,k1629
k726,0.4034,0.1807,k417
k1353,0.5251,0.3674,k849
k1202,0.4542,0.1521,k1440
k1741,0.6414,0.181,k1435
k66,0.6116,0.1583,k1218
k1270,0.5709,0.1123,k1401
k1581,0.4753,0.1379,k264
k558,0.5487,0.2857,k997
k1842,0.4327,0.6,k88
k149,0.548,0.25,k369
k248,0.54,0.2286,k350
k1743,0.4583,0.3529,k1726
k654,0.3274,0.3889,k174
k438,0.4963,0.1509,k1298
k751,0.4466,0.2941,k1698
k1658,0.5793,0.3846,k6
k1174,0.4491,0.6667,k1101
k833,0.5256,0.3158,k381
k1322,0.4388,1.0,k1060
k951,0.5524,0.9865,k750
k871,0.4136,1.0,k752
k1276,0.433,0.8776,k1844
k1094,0.6685,0.5179,k1347
k1824,0.516,0.85,k431
k624,0.4353,0.9375,k999
k1907,0.25,1.0,k282
k1271,0.1723,1.0,k1013
k233,0.2356,0.9375,k1686
k464,0.175,1.0,k1294
k1464,0.3131,1.0,k1675
k1736,0.2,1.0,k1134
k62,0.2593,0.8182,k1346
k1920,0.3333,1.0,k1141
k407,0.3542,1.0,k1014
k445,0.2333,1.0,k1606
k1043,0.281,1.0,k544
k1367,0.3636,1.0,k726
k584,0.1827,1.0,k284
k1006,0.25,1.0,k179
k1198,0.3788,0.8571,k1485
k745,0.2597,1.0,k786
k792,0.2641,1.0,k589
k788,0.3385,1.0,k903
k710,0.3149,0.9444,k289
k839,0.3436,1.0,k1022
k975,0.3131,0.9,k1012
k1834,0.4619,0.8333,k1181
k459,0.3977,1.0,k352
k532,0.25,1.0,k366
k493,0.25,1.0,k506
k1915,0.4394,1.0,k788
k33,0.5792,0.9412,k1109
k1120,0.4462,1.0,k479
k812,0.3667,1.0,k608
k966,0.3485,1.0,k1171
k1677,0.2734,1.0,k1208
k579,0.2361,1.0,k377
k610,0.175,1.0,k1748
k1255,0.3265,1.0,k1130
k1558,0.2333,1.0,k1312
k838,0.3901,0.7647,k1662
k821,0.3333,1.0,k1427
k1039,0.2525,1.0,k1463
k1782,0.2384,1.0,k1417
k585,0.2625,1.0,k639
k621,0.2051,0.9286,k117
k150,0.2372,1.0,k928
k239,0.4062,0.9074,k578
k1728,0.2,1.0,k579
k1622,0.2424,1.0,k1076
k177,0.3487,1.0,k1699
k1771,0.4368,0.9836,k203
k1290,0.3223,1.0,k967
k59,0.303,1.0,k583
k249,0.2273,1.0,k1646
k886,0.2421,1.0,k1715
k1046,0.2645,1.0,k1711
k1123,0.24,1.0,k1772
k1269,0.2361,1.0,k704
k1749,0.2975,1.0,k1129
k1172,0.3333,1.0,k1535
k1669,0.2436,1.0,k1506
k450,0.4,1.0,k1345
k1300,0.0926,1.0,k426
k155,0.2738,1.0,k1780
k507,0.2299,1.0,k1399
k421,0.3061,0.963,k862
k1209,0.2868,1.0,k1752
k817,0.27,1.0,k1702
k1589,0.2182,1.0,k1111
k217,0.301,0.9333,k1455
k1745,0.1932,1.0,k138
k925,0.2143,1.0,k1238
k906,0.2188,1.0,k163
k815,0.1806,1.0,k1529
k1611,0.3568,0.8889,k1092
k1550,0.3375,1.0,k1756
k859,0.2704,1.0,k882
k665,0.302,0.9375,k1348
k1770,0.3214,1.0,k1827
k58,0.4055,0.7037,k637
k1396,0.256,0.9231,k1133
k496,0.7052,0.9701,k533
k331,0.5993,0.7068,k1456
k1319,0.4776,0.9796,k758
k1664,0.4988,1.0,k1176
k235,0.5861,0.8846,k627
k1646,0.5359,0.9524,k720
k749,0.4267,1.0,k931
k179,0.4954,0.8438,k183
k669,0.4779,0.8769,k1549
k503,0.4563,0.7407,k1630
k1811,0.5385,0.8965,k550
k691,0.6026,0.7012,k1222
k736,0.3707,0.9773,k1888
k1858,0.5339,0.9123,k1467
k1363,0.5556,0.9643,k871
k1534,0.3972,1.0,k1404
k505,0.5605,0.9245,k835
k326,0.3971,1.0,k1524
k642,0.3333,1.0,k389
k1016,0.5042,0.875,k124
k1666,0.5644,0.9259,k805
k1549,0.563,0.6949,k1521
k511,0.398,0.9828,k1760
k529,0.5196,0.6719,k1269
k1583,0.4882,1.0,k249
k340,0.6698,0.8743,k513
k210,0.6469,0.9505,k1214
k1878,0.592,0.8214,k530
k1365,0.5255,0.8235,k1626
k1722,0.6234,0.85,k1426
k34,0.5469,0.8421,k833
k1260,0.6563,0.8,k1039
k238,0.6904,0.8333,k672
k1873,0.42,1.0,k1125
k1624,0.5745,0.92,k528
k52,0.3214,1.0,k1178
k1524,0.273,0.913,k497
k100,0.6448,0.9789,k410
k1241,0.2673,1.0,k1541
k789,0.2661,0.9737,k1899
k545,0.3275,1.0,k1306
k1787,0.4195,1.0,k144
k1671,0.3853,0.9837,k919
k409,0.4897,1.0,k934
k916,0.6154,0.9286,k1186
k1788,0.5619,0.8949,k338
k1887,0.5636,1.0,k1090
k1812,0.6368,0.6557,k1709
k234,0.15,1.0,k42
k118,0.3654,0.8372,k1641
k1377,0.4677,0.6329,k1163
k927,0.4286,1.0,k1701
k139,0.359,1.0,k1310
k953,0.4382,0.9074,k147
k1258,0.433,0.9583,k315
k686,0.2619,1.0,k371
k1836,0.475,0.6341,k1537
k1659,0.592,0.92,k130
k972,0.4632,0.5556,k1236
k1768,0.5031,0.5833,k309
k1661,0.3352,0.7647,k1625
k1344,0.4844,0.4444,k267
k1091,0.3555,1.0,k700
k1860,0.4211,0.4545,k1324
k166,0.7878,0.6364,k216
k1516,0.5913,0.6539,k28
k390,0.3776,1.0,k765
k756,0.3316,0.9333,k1374
k1510,0.5385,0.92,k1599
k1338,0.4188,1.0,k829
k344,0.2969,1.0,k857
k664,0.6667,0.75,k111
k1218,0.3214,1.0,k616
k32,0.3636,1.0,k1562
k1773,0.4167,1.0,k1028
k956,0.3385,1.0,k316
k1861,0.2525,1.0,k1112
k1284,0.0682,0.5,k1261
k31,0.375,0.5714,k1528
k1609,0.287,0.8333,k162
k1108,0.5227,0.9167,k1828
k1281,0.1,1.0,k773
k1072,0.4615,0.8333,k1931
k1532,0.6335,0.44,k912
k876,0.5833,0.6,k896
k1230,0.4768,0.5738,k1088
k779,0.8011,0.5603,k669
k551,0.3299,1.0,k1201
k1282,0.4775,0.9901,k313
k590,0.5457,0.8621,k347
k694,0.2153,1.0,k1611
k1007,0.24,1.0,k1114
k183,0.2267,1.0,k1215
k1721,0.1198,1.0,k1846
k470,0.4514,0.9905,k1372
k844,0.4959,0.9302,k1077
k1839,0.4993,0.992,k206
k714,0.3686,0.9074,k339
k111,0.5097,0.9786,k678
k1289,0.2706,1.0,k1248
k1470,0.4206,0.9915,k1038
k1275,0.4583,0.963,k1444
k398,0.4022,0.9917,k840
k1756,0.4771,0.9717,k1623
k466,0.4503,0.9912,k1147
k264,0.3646,0.6154,k77
k596,0.5306,0.9302,k1936
k526,0.6539,0.5454,k1657
k778,0.3419,0.8148,k619
k280,0.3616,1.0,k392
k1444,0.5,0.625,k1871
k919,0.254,1.0,k1918
k1088,0.2391,1.0,k295
k1662,0.3238,0.4563,k605
k1450,0.6088,0.6667,k1370
k698,0.1814,0.8235,k1546
k524,0.4965,0.8305,k228
k1287,0.2867,0.9615,k1788
k1918,0.5373,0.9562,k1115
k1765,0.5099,0.95,k994
k1891,0.303,0.9167,k1063
k732,0.563,0.8333,k1622
k1731,0.4463,0.9861,k1903
k1336,0.5718,0.5625,k808
k601,0.448,1.0,k667
k1584,0.2042,1.0,k1402
k617,0.4816,0.9821,k1735
k293,0.4667,1.0,k624
k1481,0.4495,1.0,k238
k561,0.3,1.0,k1640
k276,0.265,1.0,k384
k537,0.3583,1.0,k355
k339,0.3445,1.0,k1276
k578,0.2349,1.0,k1887
k1936,0.4322,0.6667,k1152
k319,0.5189,0.7241,k34
k473,0.4545,1.0,k1113
k1474,0.4394,0.6,k574
k1742,0.4333,0.7899,k205
k385,0.2315,0.9,k575
k1170,0.3455,1.0,k1575
k156,0.4931,1.0,k1292
k16,0.4022,0.9394,k1242
k1130,0.3333,0.4545,k334
k1406,0.5059,1.0,k1703
k1699,0.4881,0.8868,k797
k1509,0.3965,1.0,k1718
k1922,0.2361,1.0,k345
k1687,0.6036,1.0,k1234
k284,0.2875,1.0,k1149
k78,0.1868,1.0,k1728
k1651,0.3095,1.0,k1910
k1822,0.2546,1.0,k756
k1442,0.4952,0.5833,k939
k824,0.5449,0.8667,k462
k1334,0.2778,1.0,k102
k1877,0.1909,1.0,k157
k701,0.224,1.0,k1600
k1324,0.7209,0.9815,k461
k1640,0.0714,1.0,k266
k768,0.45,0.9091,k1117
k403,0.375,1.0,k1914
k989,0.2361,1.0,k1395
k849,0.3636,0.9167,k560
k1327,0.175,1.0,k114
k440,0.3194,0.9231,k1358
k1242,0.3979,1.0,k1548
k1058,0.4954,1.0,k755
k1882,0.3571,1.0,k1875
k1681,0.2857,1.0,k1833
k1239,0.325,1.0,k571
k50,0.2528,1.0,k1006
k1121,0.2988,1.0,k670
k143,0.2341,1.0,k16
k920,0.3025,0.9459,k491
k1436,0.3333,0.9,k747
k321,0.27,1.0,k1589
k755,0.4483,0.9667,k1336
k985,0.7718,0.5,k23
k328,0.394,1.0,k1411
k76,0.4333,1.0,k973
k744,0.2798,1.0,k1704
k1193,0.2197,1.0,k1033
k715,0.2057,1.0,k837
k861,0.3317,1.0,k1010
k399,0.2715,1.0,k317
k1263,0.1962,1.0,k1584
k914,0.4444,0.6087,k1556
k110,0.375,1.0,k1830
k370,0.7328,0.5437,k1431
k1118,0.5632,0.9677,k1777
k594,0.5264,0.7143,k304
k1104,0.4427,0.8518,k272
k1053,0.6321,1.0,k1338
k690,0.2308,1.0,k184
k414,0.4276,1.0,k256
k1247,0.5035,1.0,k1792
k646,0.6763,0.5294,k70
k599,0.4231,1.0,k1182
k460,0.4091,0.9091,k1784
k1803,0.5598,0.3043,k1207
k279,0.6521,0.8232,k872
k620,0.6179,0.9111,k996
k1201,0.3933,0.9375,k659
k870,0.83,1.0,k154
k1825,0.5232,0.7943,k76
k908,0.5496,0.8696,k473
k1612,0.4205,0.6154,k1195
k388,0.4524,0.6923,k95
k1815,0.3213,0.9921,k1280
k1762,0.5441,0.5714,k413
k1238,0.4289,0.9392,k695
k786,0.4074,0.6667,k675
k1449,0.6154,0.9778,k817
k13,0.2308,0.9713,k569
k1368,0.4378,0.7109,k1225
k1667,0.5048,0.8333,k966
k1003,0.5577,1.0,k1504
k1528,0.3416,0.931,k1692
k1502,0.4315,0.6696,k1203
k1144,0.453,0.9841,k555
k666,0.497,0.9342,k466
k1476,0.5747,0.7222,k358
k890,0.571,0.8493,k1314
k439,0.4529,0.9667,k1644
k1178,0.5226,0.9023,k983
k1051,0.5223,0.8438,k1126
k1567,0.4326,0.9554,k1367
k1592,0.6241,0.9273,k940
k707,0.5757,0.6852,k1677
k1087,0.676,0.6567,k1291
k1914,0.6541,0.8808,k740
k1112,0.3977,0.6923,k712
k1245,0.5556,0.5556,k430
k1264,0.4052,1.0,k78
k1631,0.3848,0.9216,k1741
k1480,0.4388,0.875,k100
k40,0.6338,0.5143,k730
k400,0.548,0.7727,k1510
k1605,0.3269,0.65,k980
k8,0.2931,0.8529,k687
k1386,0.4053,0.7037,k1356
k1804,0.3722,1.0,k1555
k497,0.4102,0.8889,k1761
k1302,0.5913,0.95,k89
k372,0.3611,1.0,k1721
k378,0.3452,1.0,k764
k131,0.3471,1.0,k489
k712,0.461,1.0,k1019
k1693,0.3982,0.9286,k116
k53,0.5188,0.9048,k1197
k1541,0.3219,0.8696,k656
k426,0.412,0.9474,k1174
k943,0.22,1.0,k951
k1643,0.3736,0.8667,k1668
k307,0.3939,0.913,k310
k499,0.3472,0.9474,k728
k1637,0.3229,0.9412,k633
k810,0.3905,1.0,k884
k826,0.5185,0.625,k357
k461,0.3576,1.0,k930
k746,0.5909,0.7941,k757
k1034,0.3636,0.5122,k1850
k1632,0.4208,0.6667,k1689
k1724,0.5489,0.5806,k1574
k1138,0.587,0.6956,k1706
k1141,0.7341,0.6279,k1628
k614,0.4,0.9091,k702
k1750,0.6836,0.4706,k1720
k117,0.6823,0.9,k915
k915,0.8888,0.6602,k1104
k365,0.4417,0.625,k1168
k26,0.4749,0.95,k325
k904,0.3444,1.0,k990
k776,0.6061,0.9851,k188
k1122,0.6078,0.9231,k1124
k333,0.4444,0.9167,k401
k525,0.2619,1.0,k1266
k30,0.3636,0.7857,k1869
k387,0.5217,0.7,k1851
k527,0.6703,0.587,k741
k186,0.3534,1.0,k1486
k995,0.43,0.9063,k1393
k275,0.4212,0.9259,k638
k1020,0.7074,0.4407,k1935
k28,0.583,0.5676,k378
k69,0.6383,0.5476,k923
k153,0.4029,0.8333,k580
k1359,0.707,0.8182,k1211
k668,0.487,0.7188,k789
k393,0.4529,0.4839,k458
k592,0.4187,0.88,k783
k845,0.6903,0.7442,k481
k775,0.4664,0.56,k1496
k1663,0.7558,0.7568,k52
k38,0.5225,0.7714,k1635
k269,0.4386,0.75,k122
k420,0.4386,0.75,k847
k820,0.6346,0.6761,k1334
k224,0.5844,0.6176,k1237
k724,0.5129,0.5294,k1001
k1578,0.6352,0.431,k1472
k308,0.4658,0.8261,k1672
k678,0.6086,0.3554,k1853
k1316,0.5785,0.7349,k393
k1306,0.6736,0.6579,k1615
k1517,0.5322,0.5938,k823
k1357,0.4511,0.7778,k1241
k1360,0.411,0.8261,k628
k1598,0.2639,0.9231,k981
k984,0.449,1.0,k1581
k1391,0.4286,0.875,k525
k1114,0.4627,0.6197,k1490
k648,0.1852,1.0,k146
k1111,0.4727,0.9973,k1243
k193,0.4167,1.0,k1633
k1219,0.1625,1.0,k1278
k1925,0.4444,0.875,k128
k1828,0.47,0.9091,k615
k1565,0.6509,0.8667,k874
k456,0.6373,0.9444,k305
k1603,0.3393,0.5833,k1288
k411,0.3818,1.0,k91
k523,0.4593,0.9375,k762
k93,0.4259,0.9,k781
k1906,0.2778,1.0,k1118
k57,0.6919,0.6471,k635
k160,0.4667,0.625,k1839
k1226,0.4135,0.8,k1083
k546,0.4545,1.0,k388
k977,0.2642,0.9583,k1465
k638,0.3929,0.8,k1812
k462,0.3148,1.0,k1029
k780,0.7524,0.65,k1864
k1840,0.3956,1.0,k1394
k1616,0.4495,0.975,k1547
k1092,0.2431,1.0,k1572
k913,0.6044,1.0,k827
k479,0.1905,1.0,k59
k173,0.3254,1.0,k169
k674,0.3,1.0,k1895
k897,0.5324,1.0,k404
k2,0.417,1.0,k1516
k1536,0.3566,1.0,k766
k1793,0.2202,0.9231,k809
k1274,0.3864,1.0,k1684
k912,0.5257,0.9259,k286
k509,0.2909,0.7143,k763
k962,0.1111,1.0,k202
k552,0.4545,0.7,k1665
k70,0.399,0.9474,k1255
k1107,0.4286,1.0,k1396
k261,0.3726,1.0,k472
k396,0.5,0.8,k1227
k1835,0.4242,0.9167,k876
k1131,0.5584,0.9167,k856
k1333,0.3036,1.0,k1335
k216,0.4211,0.4348,k1694
k455,0.4167,0.9524,k697
k711,0.4299,0.5862,k1481
k1388,0.3625,1.0,k959
k963,0.5464,0.5439,k1647
k831,0.5185,0.25,k1194
k983,0.5364,0.9063,k603
k314,0.3862,0.9643,k1593
k612,0.3688,0.9412,k175
k443,0.4129,0.7857,k106
k432,0.452,0.9615,k815
k1465,0.4569,1.0,k941
k36,0.5525,0.9231,k387
k900,0.3901,0.963,k60
k1523,0.3641,0.9583,k1488
k389,0.4,0.9091,k1567
k822,0.536,0.3125,k1065
k1737,0.2639,1.0,k145
k1525,0.25,0.5,k233
k1155,0.2632,1.0,k690
k957,0.2222,0.4286,k232
k277,0.1746,0.75,k3
k88,0.2698,0.2,k143
k1544,0.6587,1.0,k666
k515,0.2803,1.0,k699
k296,0.3864,1.0,k953
k130,0.1818,1.0,k1172
k1393,0.2042,0.0484,k397
k910,0.2121,0.375,k187
k1137,0.2917,0.2727,k676
k1479,0.2273,0.6,k1209
k1726,0.1875,0.6667,k1159
k1723,0.1569,0.4286,k13
k1188,0.4271,1.0,k937
k254,0.152,0.2727,k581
k1816,0.24,1.0,k453
k1760,0.3778,1.0,k1246
k1266,0.3333,0.3,k1858
k185,0.4479,0.4286,k1737
k237,0.5318,0.375,k869
k1545,0.3333,0.4286,k894
k1384,0.2895,1.0,k1433
k847,0.57,0.4865,k1162
k352,0.563,0.7083,k441
k1400,0.3889,0.8333,k1384
k1893,0.6783,0.8333,k213
k1432,0.4205,0.8889,k711
k830,0.2451,0.5454,k1902
k520,0.5389,0.6923,k1542
k672,0.4647,1.0,k1121
k535,0.5625,1.0,k1155
k301,0.4377,1.0,k1219
k482,0.4121,0.9091,k964
k303,0.2045,0.5714,k189
k782,0.6818,0.95,k1570
k1870,0.4639,0.575,k682
k576,0.4927,0.6667,k1330
k1215,0.48,0.44,k1707
k105,0.5368,0.7273,k196
k1225,0.4313,0.5652,k263
k274,0.4622,0.8864,k445
k1562,0.4978,0.625,k1078
k802,0.2763,0.6667,k234
k405,0.5734,0.4043,k1231
k709,0.4479,0.75,k108
k1831,0.5347,0.75,k41
k675,0.483,0.7,k1344
k828,0.416,0.3571,k602
k644,0.7273,0.7727,k1906
k1819,0.4,1.0,k568
k719,0.4872,0.6429,k958
k593,0.5602,0.4091,k486
k1369,0.6539,0.9286,k323
k1569,0.5243,0.6667,k1068
k1940,0.7059,0.6667,k265
k7,0.5755,0.4483,k1636
k1461,0.6813,0.5273,k1144
k29,0.624,0.5556,k778
k564,0.5621,0.5625,k1032
k1035,0.6,0.5625,k1087
k960,0.696,0.65,k944
k1505,0.5833,0.7059,k129
k386,0.3026,0.5938,k985
k1033,0.4632,0.8636,k868
k159,0.5778,0.3261,k1140
k613,0.5176,0.5946,k1825
k1535,0.5497,0.8571,k1573
k851,0.5278,0.9,k1074
k1412,0.602,0.6905,k416
k1691,0.5145,0.8214,k1262
k1133,0.6222,1.0,k385
k737,0.5591,0.9565,k632
k600,0.559,0.9615,k600
k289,0.3862,0.9444,k986
k1665,0.5053,0.8636,k554
k531,0.6042,0.4,k1624
k981,0.4463,0.8182,k816
k803,0.6414,0.3103,k1007
k1148,0.5152,0.7308,k1379
k883,0.5109,0.7179,k1525
k435,0.3906,0.7273,k715
k142,0.4554,0.7083,k516
k394,0.3287,0.6818,k165
k1497,0.5904,0.6596,k1224
k873,0.6781,0.7273,k195
